{
    "$schema": "https://schema.management.azure.com/schemas/2015-01-01/deploymentTemplate.json#",
    "contentVersion": "1.0.0.0",
    "parameters": {
        "containerGroups_independent_name": {
            "defaultValue": "independent",
            "type": "String"
        }
    },
    "variables": {},
    "resources": [
        {
            "type": "Microsoft.ContainerInstance/containerGroups",
            "apiVersion": "2018-10-01",
            "name": "[parameters('containerGroups_independent_name')]",
            "location": "australiaeast",
            "properties": {
                "containers": [
                    {
                        "name": "[parameters('containerGroups_independent_name')]",
                        "properties": {
                            "image": "[concat('fasttrackistio/', parameters('containerGroups_independent_name'), ':1.0.0')]",
                            "ports": [
                                {
                                    "protocol": "TCP",
                                    "port": 8080
                                }
                            ],
                            "environmentVariables": [],
                            "resources": {
                                "requests": {
                                    "memoryInGB": 1.5,
                                    "cpu": 1
                                }
                            }
                        }
                    }
                ],
                "restartPolicy": "OnFailure",
                "ipAddress": {
                    "ports": [
                        {
                            "protocol": "TCP",
                            "port": 8080
                        }
                    ],
                    "ip": "20.193.15.218",
                    "type": "Public",
                    "dnsNameLabel": "[parameters('containerGroups_independent_name')]"
                },
                "osType": "Linux"
            }
        }
    ]
}